Topics,Neutral,Positive,Negative,Highest Score,Topic Sentiment
-1,0.04296809791897734,0.849755769526517,0.10727612732530192,0.849755769526517,Positive
0,0.04429145684281993,0.8241453625567033,0.13156317930900643,0.8241453625567033,Positive
1,0.044475626921715396,0.8377455340572417,0.11777883973279206,0.8377455340572417,Positive
2,0.041983325550596105,0.8706436916087491,0.08737298036462617,0.8706436916087491,Positive
3,0.0564416159135736,0.8051790253960923,0.13837935676007238,0.8051790253960923,Positive
4,0.04254681439402595,0.8521278426393538,0.10532534230450812,0.8521278426393538,Positive
5,0.05904272975923691,0.7903277758972436,0.1506294948016701,0.7903277758972436,Positive
6,0.06198549311652425,0.7845694094541527,0.15344510082199814,0.7845694094541527,Positive
7,0.04415645847881311,0.8197009758337548,0.1361425640527159,0.8197009758337548,Positive
